{
    "B_id_48": {
        "LP": {
            "objective": 7233906.607498763,
            "objective_contrs": [
                2842755.769593954,
                1007211.4045228066,
                1366593.3019275856,
                2017346.131454418
            ],
            "battery_capacities": [
                1366.5933019275856
            ],
            "solar_capacities": [
                1008.673065727209
            ]
        },
        "sim": {
            "objective": 7253828.606391434,
            "objective_contrs": [
                2858749.6734223356,
                1011139.4995870952,
                1366593.3019275856,
                2017346.131454418
            ]
        },
        "optimism": {
            "abs": 19921.998892670497,
            "perc": 0.27464115812051293
        }
    },
    "B_id_32": {
        "LP": {
            "objective": 2154802.8124895287,
            "objective_contrs": [
                825902.596154285,
                291211.91840007924,
                388919.62056936475,
                648768.6773657998
            ],
            "battery_capacities": [
                388.9196205693647
            ],
            "solar_capacities": [
                324.3843386828999
            ]
        },
        "sim": {
            "objective": 2160424.2593541583,
            "objective_contrs": [
                830383.3061793366,
                292352.655239657,
                388919.62056936475,
                648768.6773657998
            ]
        },
        "optimism": {
            "abs": 5621.44686462963,
            "perc": 0.26020106191133574
        }
    },
    "B_id_16": {
        "LP": {
            "objective": 4764937.463149231,
            "objective_contrs": [
                2149489.669523064,
                764258.6933880352,
                685048.991185814,
                1166140.1090523181
            ],
            "battery_capacities": [
                685.048991185814
            ],
            "solar_capacities": [
                583.0700545261591
            ]
        },
        "sim": {
            "objective": 4776635.383992542,
            "objective_contrs": [
                2159149.016355273,
                766297.2673991364,
                685048.991185814,
                1166140.1090523181
            ]
        },
        "optimism": {
            "abs": 11697.920843310654,
            "perc": 0.24489876038084718
        }
    },
    "B_id_0": {
        "LP": {
            "objective": 7475242.002177481,
            "objective_contrs": [
                2702446.640964134,
                908578.8364735027,
                1751253.4657414174,
                2112963.058998427
            ],
            "battery_capacities": [
                1751.2534657414174
            ],
            "solar_capacities": [
                1056.4815294992134
            ]
        },
        "sim": {
            "objective": 7499125.309232723,
            "objective_contrs": [
                2721798.791788699,
                913109.9927041794,
                1751253.4657414174,
                2112963.058998427
            ]
        },
        "optimism": {
            "abs": 23883.30705524236,
            "perc": 0.31848123708291515
        }
    },
    "B_id_25": {
        "LP": {
            "objective": 2487591.469298901,
            "objective_contrs": [
                884259.8160922044,
                303889.6743002789,
                572866.9982313344,
                726574.9806750836
            ],
            "battery_capacities": [
                572.8669982313344
            ],
            "solar_capacities": [
                363.2874903375418
            ]
        },
        "sim": {
            "objective": 2495484.0141349803,
            "objective_contrs": [
                890649.0236981851,
                305393.01153037726,
                572866.9982313344,
                726574.9806750836
            ]
        },
        "optimism": {
            "abs": 7892.544836079236,
            "perc": 0.3162731073961642
        }
    },
    "B_id_15": {
        "LP": {
            "objective": 2346159.244481365,
            "objective_contrs": [
                1115509.9890803264,
                386775.90125646844,
                378620.03928211256,
                465253.3148624579
            ],
            "battery_capacities": [
                378.62003928211254
            ],
            "solar_capacities": [
                232.62665743122895
            ]
        },
        "sim": {
            "objective": 2351652.230680022,
            "objective_contrs": [
                1119977.0305474452,
                387801.8459880064,
                378620.03928211256,
                465253.3148624579
            ]
        },
        "optimism": {
            "abs": 5492.986198656727,
            "perc": 0.2335798689531714
        }
    },
    "B_id_3": {
        "LP": {
            "objective": 858778.5790158976,
            "objective_contrs": [
                410839.25234077,
                140466.60276313464,
                124557.86909364542,
                182914.85481834758
            ],
            "battery_capacities": [
                124.55786909364542
            ],
            "solar_capacities": [
                91.45742740917379
            ]
        },
        "sim": {
            "objective": 860756.9438881623,
            "objective_contrs": [
                412451.0691894425,
                140833.15078672668,
                124557.86909364542,
                182914.85481834758
            ]
        },
        "optimism": {
            "abs": 1978.3648722646758,
            "perc": 0.22984012923882072
        }
    },
    "B_id_11": {
        "LP": {
            "objective": 4968518.588448232,
            "objective_contrs": [
                2029380.1176060606,
                700741.9989949311,
                921375.1952514963,
                1317021.2765957448
            ],
            "battery_capacities": [
                921.3751952514963
            ],
            "solar_capacities": [
                658.5106382978723
            ]
        },
        "sim": {
            "objective": 4983006.322650963,
            "objective_contrs": [
                2041305.6853491918,
                703304.1654545304,
                921375.1952514963,
                1317021.2765957448
            ]
        },
        "optimism": {
            "abs": 14487.7342027314,
            "perc": 0.29074284206454537
        }
    },
    "B_id_12": {
        "LP": {
            "objective": 1219828.2445452572,
            "objective_contrs": [
                493211.1226666564,
                174073.87243165195,
                239500.72383846194,
                313042.5256084869
            ],
            "battery_capacities": [
                239.50072383846194
            ],
            "solar_capacities": [
                156.52126280424346
            ]
        },
        "sim": {
            "objective": 1223373.3687311318,
            "objective_contrs": [
                496092.50303186825,
                174737.61625231477,
                239500.72383846194,
                313042.5256084869
            ]
        },
        "optimism": {
            "abs": 3545.1241858745925,
            "perc": 0.2897826842145136
        }
    },
    "B_id_49": {
        "LP": {
            "objective": 841834.1047666799,
            "objective_contrs": [
                352358.35772064584,
                121775.44766834567,
                145704.83452508075,
                221995.46485260772
            ],
            "battery_capacities": [
                145.70483452508074
            ],
            "solar_capacities": [
                110.99773242630386
            ]
        },
        "sim": {
            "objective": 843992.2473399375,