{
    "1": {
        "LP": {
            "objective": 7233906.607498763,
            "objective_contrs": [
                2842755.769593954,
                1007211.4045228066,
                1366593.3019275856,
                2017346.131454418
            ],
            "battery_capacities": [
                1366.5933019275856
            ],
            "solar_capacities": [
                1008.673065727209
            ]
        },
        "sim": {
            "objective": 7253828.606391434,
            "objective_contrs": [
                2858749.6734223356,
                1011139.4995870952,
                1366593.3019275856,
                2017346.131454418
            ]
        },
        "optimism": {
            "abs": 19921.998892670497,
            "perc": 0.27464115812051293
        }
    },
    "2": {
        "LP": {
            "objective": 9385993.528923593,
            "objective_contrs": [
                3668462.82946587,
                1295409.7838837446,
                1755910.3907978218,
                2666210.5247761565
            ],
            "battery_capacities": [
                1365.2496263318246,
                390.6607644659971
            ],
            "solar_capacities": [
                1008.2932323128904,
                324.812030075188
            ]
        },
        "sim": {
            "objective": 9978750.13820002,
            "objective_contrs": [
                4142494.7950406102,
                1414134.4275854314,
                1755910.3907978218,
                2666210.5247761565
            ]
        },
        "optimism": {
            "abs": 592756.609276427,
            "perc": 5.940188912109078
        }
    },
    "3": {
        "LP": {
            "objective": 14135152.783541769,
            "objective_contrs": [
                5811098.163449896,
                2041061.8599685892,
                2457263.139847,
                3825729.6202762835
            ],
            "battery_capacities": [
                1373.6877954871652,
                393.1941623519617,
                690.3811820078731
            ],
            "solar_capacities": [
                1008.4112149532712,
                326.2267372969958,
                578.2268578878748
            ]
        },
        "sim": {
            "objective": 15376070.862863302,
            "objective_contrs": [
                6803891.532528661,
                2289186.5702113593,
                2457263.139847,
                3825729.6202762835
            ]
        },
        "optimism": {
            "abs": 1240918.0793215334,
            "perc": 8.070449794288033
        }
    },
    "4": {
        "LP": {
            "objective": 21596771.346808273,
            "objective_contrs": [
                8513158.008409737,
                2934933.9814463328,
                4203569.94638101,
                5945109.410571192
            ],
            "battery_capacities": [
                1373.541804091119,
                392.33781154915954,
                690.0985625536372,
                1747.5917681870937
            ],
            "solar_capacities": [
                1010.2300989616848,
                326.1222577874931,
                576.1061946902654,
                1060.0961538461531
            ]
        },
        "sim": {
            "objective": 23566599.81420033,
            "objective_contrs": [
                10315902.813138125,
                3102017.644110006,
                4203569.94638101,
                5945109.410571192
            ]
        },
        "optimism": {
            "abs": 1969828.4673920572,
            "perc": 8.358560347789815
        }
    },
    "5": {
        "LP": {
            "objective": 24079830.938126326,
            "objective_contrs": [
                9396545.71876469,
                3233676.2361031114,
                4772217.678910697,
                6677391.304347827
            ],
            "battery_capacities": [
                1373.5098467037942,
                392.7714999454778,
                687.5275715832915,
                1745.8340818806616,
                572.574678797471
            ],
            "solar_capacities": [
                1010.6282510605766,
                326.2997006814273,
                578.2268578878748,
                1060.2533522064932,
                363.2874903375418
            ]
        },
        "sim": {
            "objective": 26702486.99892079,
            "objective_contrs": [
                11726826.653155277,
                3526051.3625069917,
                4772217.678910697,
                6677391.304347827
            ]
        },
        "optimism": {
            "abs": 2622656.0607944652,
            "perc": 9.821767017058983
        }
    },
    "6": {
        "LP": {
            "objective": 26422323.048647895,
            "objective_contrs": [
                10513689.19788704,
                3617521.0770444907,
                5159162.383192296,
                7131950.390524065
            ],
            "battery_capacities": [
                1373.5295706366178,
                393.22726349630005,
                691.1007994824867,
                1751.2534657414174,
                572.8669982313344,
                377.18428560414
            ],
            "solar_capacities": [
                1010.3825136612021,
                326.07260726072604,
                576.1061946902654,
                1056.4815294992134,
                363.2874903375418,
                233.6448598130841
            ]
        },
        "sim": {
            "objective": 29625135.313531883,
            "objective_contrs": [
                13308172.174002985,
                4025850.3658125373,
                5159162.383192296,
                7131950.390524065
            ]
        },
        "optimism": {
            "abs": 3202812.2648839876,
            "perc": 10.811131260625965
        }
    },
    "7": {
        "LP": {
            "objective": 27280145.894887764,
            "objective_contrs": [
                10929613.139656324,
                3758578.634854888,
                5281704.770346978,
                7310249.350029572
            ],
            "battery_capacities": [
                1373.5098467037942,
                393.22661662814,
                690.467175651638,
                1751.2534657414176,
                572.8669982313344,
                375.21974715903457,
                125.16092023161916
            ],
            "solar_capacities": [
                1010.6282510605764,
                326.07561929595823,
                572.9156161620592,
                1056.4815294992134,
                363.2874903375418,
                233.6448598130841,
                92.09130884635279
            ]
        },
        "sim": {
            "objective": 30736779.207270727,
            "objective_contrs": [
                13926614.699024195,
                4218210.387869982,
                5281704.770346978,
                7310249.350029572
            ]
        },
        "optimism": {
            "abs": 3456633.3123829626,
            "perc": 11.245919063521471
        }
    },
    "8": {
        "LP": {
            "objective": 32243428.15158312,
            "objective_contrs": [
                12961489.462104077,
                4453979.521580787,
                6197308.209869513,
                8630650.95802874
            ],
            "battery_capacities": [
                1369.1713735084581,
                392.10180250722107,
                689.3840250034336,
                1746.3018120034078,
                572.574678797471,
                375.26327100897674,
                124.7739621233811,
                927.7372849171636
            ],