{
    "1": {
        "det": {
            "objective": 7233906.607498763,
            "objective_contrs": [
                2842755.769593954,
                1007211.4045228066,
                1366593.3019275856,
                2017346.131454418
            ],
            "battery_capacities": [
                1366.5933019275856
            ],
            "solar_capacities": [
                1008.673065727209
            ]
        },
        "stoch": {
            "objective": 7276416.178105431,
            "objective_contrs": [
                2867799.952330156,
                1014614.093910068,
                1369660.0266020477,
                2024342.1052631582
            ],
            "battery_capacities": [
                1369.6600266020478
            ],
            "solar_capacities": [
                1012.1710526315791
            ]
        },
        "comp": {
            "objective": 389250.71744419116,
            "objective_contrs": [
                287542.3138533335,
                101708.40359085781
            ],
            "battery_capacities": null,
            "solar_capacities": null
        }
    },
    "2": {
        "det": {
            "objective": 9385993.528923593,
            "objective_contrs": [
                3668462.82946587,
                1295409.7838837446,
                1755910.3907978218,
                2666210.5247761565
            ],
            "battery_capacities": [
                1365.2496263318246,
                390.6607644659971
            ],
            "solar_capacities": [
                1008.2932323128904,
                324.812030075188
            ]
        },
        "stoch": {
            "objective": 9327370.245757135,
            "objective_contrs": [
                3637094.371801447,
                1279499.5156733075,
                1753192.9223474583,
                2657583.4359349213
            ],
            "battery_capacities": [
                1362.9205069005645,
                390.2724154468938
            ],
            "solar_capacities": [
                1003.660252528416,
                325.1314654390447
            ]
        },
        "comp": {
            "objective": 490529.2244120638,
            "objective_contrs": [
                362858.3070571073,
                127670.91735495641
            ],
            "battery_capacities": null,
            "solar_capacities": null
        }
    },
    "3": {
        "det": {
            "objective": 14135152.783541769,
            "objective_contrs": [
                5811098.163449896,
                2041061.8599685892,
                2457263.139847,
                3825729.6202762835
            ],
            "battery_capacities": [
                1373.6877954871652,
                393.1941623519617,
                690.3811820078731
            ],
            "solar_capacities": [
                1008.4112149532712,
                326.2267372969958,
                578.2268578878748
            ]
        },
        "stoch": {
            "objective": 14140175.968208421,
            "objective_contrs": [
                5811471.160734809,
                2035840.795228412,
                2467459.759296172,
                3825404.2529490297
            ],
            "battery_capacities": [
                1369.4793349960867,
                394.30647208958726,
                703.6739522104978
            ],
            "solar_capacities": [
                1009.1845349013247,
                324.61102397352187,
                578.9065675996684
            ]
        },
        "comp": {
            "objective": 785736.0477930075,
            "objective_contrs": [
                581895.1681830271,
                203840.87960998045
            ],
            "battery_capacities": null,
            "solar_capacities": null
        }
    }
}